priority,issue_score,price,title,link,category,title_len,photos,specifics_filled,missing_required,missing_recommended,best_offer,free_shipping,returns,age_days,issues
25.0,5.5,3500.0,1966 Superman Graded Card National Periodical NPPI Whitman Rookie Grail Header,https://www.ebay.com/itm/227545299613,Collectibles|Non-Sport Trading Cards|Trading Card Singles,78,24,7,,Manufacturer; Autograph Authentication; Parallel/Variety; Featured Person/Artist; Autographed; Card Number; Card Name,yes,no,no,1,"Missing recommended specifics: Manufacturer, Autograph Authentication, Parallel/Variety, Featured Person/Artist, Autographed, Card Number | No returns accepted | Not free shipping (consider building into price) | Add a condition description"
23.1,5.5,1600.0,1966 Superman Graded Card National Periodical NPPI Whitman Rookie Grail 💎 Rare,https://www.ebay.com/itm/227540238685,Collectibles|Non-Sport Trading Cards|Trading Card Singles,78,24,7,,Manufacturer; Autograph Authentication; Parallel/Variety; Featured Person/Artist; Autographed; Card Number; Card Name,yes,no,no,5,"Missing recommended specifics: Manufacturer, Autograph Authentication, Parallel/Variety, Featured Person/Artist, Autographed, Card Number | No returns accepted | Not free shipping (consider building into price) | Add a condition description"
23.1,5.5,1600.0,1966 Superman Graded Card National Periodical NPPI Whitman Rookie Grail 💎 Rare,https://www.ebay.com/itm/227539596642,Collectibles|Non-Sport Trading Cards|Trading Card Singles,78,21,7,,Manufacturer; Autograph Authentication; Parallel/Variety; Featured Person/Artist; Autographed; Card Number; Card Name,yes,no,no,5,"Missing recommended specifics: Manufacturer, Autograph Authentication, Parallel/Variety, Featured Person/Artist, Autographed, Card Number | No returns accepted | Not free shipping (consider building into price) | Add a condition description"
23.0,5.5,1500.0,1966 Superman Graded Card National Periodical NPPI Whitman Rookie Kent Grail 💎 ,https://www.ebay.com/itm/227540988971,Collectibles|Non-Sport Trading Cards|Trading Card Singles,79,21,7,,Manufacturer; Autograph Authentication; Parallel/Variety; Featured Person/Artist; Autographed; Card Number; Card Name,yes,no,no,4,"Missing recommended specifics: Manufacturer, Autograph Authentication, Parallel/Variety, Featured Person/Artist, Autographed, Card Number | No returns accepted | Not free shipping (consider building into price) | Add a condition description"
22.8,5.5,1400.0,1966 Superman Graded Card National Periodical NPPI Whitman Rookie Actress Girl,https://www.ebay.com/itm/227545284674,Collectibles|Non-Sport Trading Cards|Trading Card Singles,78,21,7,,Manufacturer; Autograph Authentication; Parallel/Variety; Featured Person/Artist; Autographed; Card Number; Card Name,yes,no,no,1,"Missing recommended specifics: Manufacturer, Autograph Authentication, Parallel/Variety, Featured Person/Artist, Autographed, Card Number | No returns accepted | Not free shipping (consider building into price) | Add a condition description"
22.6,5.5,1300.0,1966 Superman Graded Card National Periodical NPPI Whitman Rookie Grail Flight !,https://www.ebay.com/itm/227545290240,Collectibles|Non-Sport Trading Cards|Trading Card Singles,80,23,7,,Manufacturer; Autograph Authentication; Parallel/Variety; Featured Person/Artist; Autographed; Card Number; Card Name,yes,no,no,1,"Missing recommended specifics: Manufacturer, Autograph Authentication, Parallel/Variety, Featured Person/Artist, Autographed, Card Number | No returns accepted | Not free shipping (consider building into price) | Add a condition description"
17.7,4.5,850.0,1989 Nintendo Topps Card 1 Super Mario Bros Video Game Rookie Grail Scratch Old,https://www.ebay.com/itm/227542129520,Collectibles|Non-Sport Trading Cards|Trading Card Singles,79,20,10,,Parallel/Variety; Featured Person/Artist; Autographed; Card Number; Card Name,yes,no,no,3,"Missing recommended specifics: Parallel/Variety, Featured Person/Artist, Autographed, Card Number, Card Name | No returns accepted | Not free shipping (consider building into price) | Add a condition description"
17.2,4.5,650.0,1989 Nintendo Topps Card 5 Zelda Link Video Game Rookie Grail Legend Sticker Old,https://www.ebay.com/itm/227542111314,Collectibles|Non-Sport Trading Cards|Trading Card Singles,80,21,10,,Parallel/Variety; Featured Person/Artist; Autographed; Card Number; Card Name,yes,no,no,3,"Missing recommended specifics: Parallel/Variety, Featured Person/Artist, Autographed, Card Number, Card Name | No returns accepted | Not free shipping (consider building into price) | Add a condition description"
16.3,4.5,420.0,1989 Nintendo Topps Card 32 Zelda Link Video Game Rookie Grail Legend Sticker,https://www.ebay.com/itm/227538112192,Collectibles|Non-Sport Trading Cards|Trading Card Singles,77,23,10,,Parallel/Variety; Featured Person/Artist; Autographed; Card Number; Card Name,yes,no,no,6,"Missing recommended specifics: Parallel/Variety, Featured Person/Artist, Autographed, Card Number, Card Name | No returns accepted | Not free shipping (consider building into price) | Add a condition description"
15.3,4.5,250.0,1989 Nintendo Topps Card 1 Punch Out Punch-out Video Game Rookie Grail Glass Joe,https://www.ebay.com/itm/227542117406,Collectibles|Non-Sport Trading Cards|Trading Card Singles,80,17,10,,Parallel/Variety; Featured Person/Artist; Autographed; Card Number; Card Name,yes,no,no,3,"Missing recommended specifics: Parallel/Variety, Featured Person/Artist, Autographed, Card Number, Card Name | No returns accepted | Not free shipping (consider building into price) | Add a condition description"
14.9,4.5,200.0,1989 Nintendo Topps Card 27 Zelda Link Video Game Rookie Grail Legend Sticker,https://www.ebay.com/itm/227538116608,Collectibles|Non-Sport Trading Cards|Trading Card Singles,77,20,10,,Parallel/Variety; Featured Person/Artist; Autographed; Card Number; Card Name,yes,no,no,6,"Missing recommended specifics: Parallel/Variety, Featured Person/Artist, Autographed, Card Number, Card Name | No returns accepted | Not free shipping (consider building into price) | Add a condition description"
14.7,4.5,180.0,1989 Nintendo Topps Card 17 Zelda Link Video Game Rookie Grail Legend Sticker,https://www.ebay.com/itm/227538124140,Collectibles|Non-Sport Trading Cards|Trading Card Singles,77,21,10,,Parallel/Variety; Featured Person/Artist; Autographed; Card Number; Card Name,yes,no,no,6,"Missing recommended specifics: Parallel/Variety, Featured Person/Artist, Autographed, Card Number, Card Name | No returns accepted | Not free shipping (consider building into price) | Add a condition description"
13.5,3.5,700.0,Graded Robocop # 1 Comic CGC Con Edition Last Stand Grail Video Game Cover HTF,https://www.ebay.com/itm/227534386184,Collectibles|Comic Books & Memorabilia|Comics|Comics & Graphic Novels,78,17,17,,Format; Certification Number,yes,no,no,9,"Remove filler words (L@@K, NR, HTF...) | Missing recommended specifics: Format, Certification Number | No returns accepted | Not free shipping (consider building into price)"
12.1,5.0,25.0,1983 Star Wars Card Return Of The Jedi ROTJ Sticker Crumb 55 LFL Vintage Old  ,https://www.ebay.com/itm/227540742196,Collectibles|Non-Sport Trading Cards|Trading Card Singles,78,18,8,,Manufacturer; Autograph Authentication; Parallel/Variety; Autographed; Card Number; Card Name,yes,no,no,4,"Missing recommended specifics: Manufacturer, Autograph Authentication, Parallel/Variety, Autographed, Card Number, Card Name | No returns accepted | Not free shipping (consider building into price) | Add a condition description"
11.8,4.5,40.0,1989 Nintendo Topps Card 10 Super Mario Bros Video Game Rookie Grail Scratch Old,https://www.ebay.com/itm/227540989397,Collectibles|Non-Sport Trading Cards|Trading Card Singles,80,18,10,,Parallel/Variety; Featured Person/Artist; Autographed; Card Number; Card Name,yes,no,no,4,"Missing recommended specifics: Parallel/Variety, Featured Person/Artist, Autographed, Card Number, Card Name | No returns accepted | Not free shipping (consider building into price) | Add a condition description"
11.8,4.5,40.0,1989 Nintendo Topps Card 7 Super Mario Bros Video Game Rookie Grail Scratch Old,https://www.ebay.com/itm/227539654805,Collectibles|Non-Sport Trading Cards|Trading Card Singles,79,17,10,,Parallel/Variety; Featured Person/Artist; Autographed; Card Number; Card Name,yes,no,no,5,"Missing recommended specifics: Parallel/Variety, Featured Person/Artist, Autographed, Card Number, Card Name | No returns accepted | Not free shipping (consider building into price) | Add a condition description"
11.4,4.0,68.0,Venom Comic NM Graded CGC 150 9.8 2017 Appearance Spiderman. 150th Anniversary ,https://www.ebay.com/itm/227534386188,Collectibles|Comic Books & Memorabilia|Comics|Comics & Graphic Novels,79,8,15,,Artist/Writer; Superhero Team; Format; Professional Grader; Certification Number,yes,no,no,9,"Missing recommended specifics: Artist/Writer, Superhero Team, Format, Professional Grader, Certification Number | No returns accepted | Not free shipping (consider building into price)"
11.2,4.5,30.0,1980 Star Wars Card Empire Strikes Back Princess Leia Star File LFL 3 Jedi Old,https://www.ebay.com/itm/227540838350,Collectibles|Non-Sport Trading Cards|Trading Card Singles,78,15,9,,Autograph Authentication; Parallel/Variety; Autographed; Card Number; Card Name,yes,no,no,4,"Missing recommended specifics: Autograph Authentication, Parallel/Variety, Autographed, Card Number, Card Name | No returns accepted | Not free shipping (consider building into price) | Add a condition description"
11.2,4.5,30.0,1980 Star Wars Card Empire Strikes Back Luke Skywalker Star File LFL 2 Jedi Old,https://www.ebay.com/itm/227540816179,Collectibles|Non-Sport Trading Cards|Trading Card Singles,79,17,9,,Autograph Authentication; Parallel/Variety; Autographed; Card Number; Card Name,yes,no,no,4,"Missing recommended specifics: Autograph Authentication, Parallel/Variety, Autographed, Card Number, Card Name | No returns accepted | Not free shipping (consider building into price) | Add a condition description"
11.2,4.5,30.0,1977 Star Wars Card Series 5 Orange Border Topps Sticker 47 R2D2 C3PO Droids Old,https://www.ebay.com/itm/227540799547,Collectibles|Non-Sport Trading Cards|Trading Card Singles,80,15,9,,Autograph Authentication; Parallel/Variety; Autographed; Card Number; Card Name,yes,no,no,4,"Missing recommended specifics: Autograph Authentication, Parallel/Variety, Autographed, Card Number, Card Name | No returns accepted | Not free shipping (consider building into price) | Add a condition description"
11.2,4.5,30.0,1977 Star Wars Card Series 5 Orange Border Topps Sticker 46 Chewbacca Vintage,https://www.ebay.com/itm/227540794263,Collectibles|Non-Sport Trading Cards|Trading Card Singles,77,15,9,,Autograph Authentication; Parallel/Variety; Autographed; Card Number; Card Name,yes,no,no,4,"Missing recommended specifics: Autograph Authentication, Parallel/Variety, Autographed, Card Number, Card Name | No returns accepted | Not free shipping (consider building into price) | Add a condition description"
11.2,4.5,30.0,1977 Star Wars Card Series 5 Orange Border Topps Sticker 45 Luke Fighter Vintage,https://www.ebay.com/itm/227540776099,Collectibles|Non-Sport Trading Cards|Trading Card Singles,80,15,9,,Autograph Authentication; Parallel/Variety; Autographed; Card Number; Card Name,yes,no,no,4,"Missing recommended specifics: Autograph Authentication, Parallel/Variety, Autographed, Card Number, Card Name | No returns accepted | Not free shipping (consider building into price) | Add a condition description"
10.8,3.0,400.0,Graded 1977 Tomb Of Dracula Comic Book CGC # 54 NM Son + Blade Appearance HTF,https://www.ebay.com/itm/227534386187,Collectibles|Comic Books & Memorabilia|Comics|Comics & Graphic Novels,77,14,19,,Genre,yes,no,no,9,"Remove filler words (L@@K, NR, HTF...) | Missing recommended specifics: Genre | No returns accepted | Not free shipping (consider building into price)"
10.5,2.0,18000.0,1900s Antique Simplex Automobile Brass Era Plate Car Emblem History Logo Brand,https://www.ebay.com/itm/227536472201,Collectibles|Transportation|Automobilia|Other Automobilia,78,15,1,,,yes,no,no,7,No returns accepted | Not free shipping (consider building into price) | Add a condition description
10.5,3.5,100.0,CGC Graded 1983 House Of Mystery I Vampire 316 9.4 Comic Kaluta New Dracula DC,https://www.ebay.com/itm/227534386190,Collectibles|Comic Books & Memorabilia|Comics|Comics & Graphic Novels,78,4,27,,Professional Grader; Certification Number,yes,no,no,9,"4 photos, 6+ recommended | Missing recommended specifics: Professional Grader, Certification Number | No returns accepted | Not free shipping (consider building into price)"
10.4,3.0,300.0,Antique 1921 Universal Toy Novelty Card America Graded Scouts Camping Childhood,https://www.ebay.com/itm/227543851929,Collectibles|Non-Sport Trading Cards|Trading Card Singles,79,7,12,,Autograph Authentication; TV Show,yes,no,no,2,"Missing recommended specifics: Autograph Authentication, TV Show | No returns accepted | Not free shipping (consider building into price) | Add a condition description"
8.4,3.0,60.0,Star Wars Series 1 Return The Jedi Card COMPLETE Set 132 Crispy Topps ROTJ Leia,https://www.ebay.com/itm/227545257871,Collectibles|Non-Sport Trading Cards|Trading Card Sets,79,18,15,,Autograph Authentication; Character,yes,no,no,1,"Missing recommended specifics: Autograph Authentication, Character | No returns accepted | Not free shipping (consider building into price) | Add a condition description"
8.4,3.0,60.0,1982 Nintendo America Card Jump Man Mario Series Topps Sticker Donkey Rookie HTF,https://www.ebay.com/itm/227542175282,Collectibles|Non-Sport Trading Cards|Trading Card Singles,80,19,22,,,yes,no,no,3,"Remove filler words (L@@K, NR, HTF...) | No returns accepted | Not free shipping (consider building into price) | Add a condition description"
8.0,3.0,45.0,1982 Nintendo America Card Jump Man Mario Series Topps Sticker Whack Rookie HTF,https://www.ebay.com/itm/227542198929,Collectibles|Non-Sport Trading Cards|Trading Card Singles,79,16,22,,,yes,no,no,3,"Remove filler words (L@@K, NR, HTF...) | No returns accepted | Not free shipping (consider building into price) | Add a condition description"
7.8,2.5,135.0,1978 Graded Kiss Card # 63 Donruss Ace Frehley Rock Music Guitar Vintage Band ,https://www.ebay.com/itm/227536458996,Collectibles|Non-Sport Trading Cards|Trading Card Singles,78,9,14,,Autograph Authentication,yes,no,no,7,Missing recommended specifics: Autograph Authentication | No returns accepted | Not free shipping (consider building into price) | Add a condition description
7.6,2.5,110.0,1980 Vintage Star Wars Empire Strikes Back Series 2 COMPLETE Card set Vader Luke,https://www.ebay.com/itm/227539621957,Collectibles|Non-Sport Trading Cards|Trading Card Sets,80,16,13,,Autograph Authentication,yes,no,no,5,Missing recommended specifics: Autograph Authentication | No returns accepted | Not free shipping (consider building into price) | Add a condition description
7.5,2.5,100.0,1978 Graded Kiss Card # 42 Donruss Gene Rock Music Guitar Legend Concert History,https://www.ebay.com/itm/227535062913,Collectibles|Non-Sport Trading Cards|Trading Card Singles,80,8,15,,Autograph Authentication,yes,no,no,8,Missing recommended specifics: Autograph Authentication | No returns accepted | Not free shipping (consider building into price) | Add a condition description
7.4,2.5,90.0,1977 Star Wars Series 5 Card Orange Border Graded Topps 298 Chewbacca Chewie  ,https://www.ebay.com/itm/227545269646,Collectibles|Non-Sport Trading Cards|Trading Card Singles,78,17,20,,Autograph Authentication,yes,no,no,1,Missing recommended specifics: Autograph Authentication | No returns accepted | Not free shipping (consider building into price) | Add a condition description
7.4,2.5,90.0,1978 Graded Kiss Card # 36 Donruss Peter Criss Rock Band Music Drum 🥁 Celebrity,https://www.ebay.com/itm/227536205906,Collectibles|Non-Sport Trading Cards|Trading Card Singles,79,9,15,,Autograph Authentication,yes,no,no,7,Missing recommended specifics: Autograph Authentication | No returns accepted | Not free shipping (consider building into price) | Add a condition description
7.4,2.5,90.0,1978 Graded Kiss Card # 3 Donruss Peter Criss Rock Music Drums Vintage History,https://www.ebay.com/itm/227535821388,Collectibles|Non-Sport Trading Cards|Trading Card Singles,78,8,15,,Autograph Authentication,yes,no,no,8,Missing recommended specifics: Autograph Authentication | No returns accepted | Not free shipping (consider building into price) | Add a condition description
7.2,2.5,75.0,1978 Graded Kiss Card # 64 Donruss Ace Rock Music Drums Guitar History Band Old,https://www.ebay.com/itm/227536456138,Collectibles|Non-Sport Trading Cards|Trading Card Singles,79,9,15,,Autograph Authentication,yes,no,no,7,Missing recommended specifics: Autograph Authentication | No returns accepted | Not free shipping (consider building into price) | Add a condition description
7.0,2.5,65.0,1996 Star Wars Finest Chromium COMPLETE Card Set Vader Fett Falcon C3po Shiny!!,https://www.ebay.com/itm/227545263373,Collectibles|Non-Sport Trading Cards|Trading Card Sets,79,17,13,,Autograph Authentication,yes,no,no,1,Missing recommended specifics: Autograph Authentication | No returns accepted | Not free shipping (consider building into price) | Add a condition description
6.7,2.5,45.0,1997 Star Wars Card Vehicles COMPLETE Set Vader Luke Jedi Vader Droid Leia Old,https://www.ebay.com/itm/227542282213,Collectibles|Non-Sport Trading Cards|Trading Card Sets,78,9,13,,Autograph Authentication,yes,no,no,3,Missing recommended specifics: Autograph Authentication | No returns accepted | Not free shipping (consider building into price) | Add a condition description
6.2,2.0,125.0,1982 Nintendo America Card Jump Man Mario Series Topps Donkey Rookie King Rare,https://www.ebay.com/itm/227545251927,Collectibles|Non-Sport Trading Cards|Trading Card Singles,78,16,22,,,yes,no,no,1,No returns accepted | Not free shipping (consider building into price) | Add a condition description
6.2,2.0,125.0,1982 Nintendo America Card Jump Man Mario Series Topps Donkey Rookie Keep Movin,https://www.ebay.com/itm/227542253504,Collectibles|Non-Sport Trading Cards|Trading Card Singles,79,17,22,,,yes,no,no,3,No returns accepted | Not free shipping (consider building into price) | Add a condition description
6.2,2.0,125.0,1982 Nintendo America Card Jump Man Mario Series Topps Donkey Rookie Lets Nail,https://www.ebay.com/itm/227542221832,Collectibles|Non-Sport Trading Cards|Trading Card Singles,78,15,22,,,yes,no,no,3,No returns accepted | Not free shipping (consider building into price) | Add a condition description
6.2,2.0,120.0,Graded 9.4 Newsstand Conan # 1 Comic Book Movie Special CGC Marvel Edition VTG,https://www.ebay.com/itm/227534386189,Collectibles|Comic Books & Memorabilia|Comics|Comics & Graphic Novels,78,19,16,,Professional Grader,yes,no,no,9,Missing recommended specifics: Professional Grader | No returns accepted | Not free shipping (consider building into price)
5.6,2.0,60.0,1982 Nintendo America Card Jump Man Mario Series Topps Donkey Rookie Birthday,https://www.ebay.com/itm/227542258866,Collectibles|Non-Sport Trading Cards|Trading Card Singles,77,18,22,,,yes,no,no,3,No returns accepted | Not free shipping (consider building into price) | Add a condition description
5.6,2.0,60.0,1982 Nintendo America Card Jump Man Mario Series Topps Donkey Rookie Big Hunter,https://www.ebay.com/itm/227542249639,Collectibles|Non-Sport Trading Cards|Trading Card Singles,79,18,22,,,yes,no,no,3,No returns accepted | Not free shipping (consider building into price) | Add a condition description
5.6,2.0,60.0,1982 Nintendo America Card Jump Man Mario Series Topps Sticker Rookie Stamp Out,https://www.ebay.com/itm/227542240129,Collectibles|Non-Sport Trading Cards|Trading Card Singles,79,17,22,,,yes,no,no,3,No returns accepted | Not free shipping (consider building into price) | Add a condition description
5.6,2.0,60.0,1982 Nintendo America Card Jump Man Mario Series Topps Sticker Kiss Beam Rookie,https://www.ebay.com/itm/227542184321,Collectibles|Non-Sport Trading Cards|Trading Card Singles,79,16,22,,,yes,no,no,3,No returns accepted | Not free shipping (consider building into price) | Add a condition description
5.4,2.0,50.0,1982 Nintendo America Card Jump Man Series Topps Sticker Rookie Mario Joy Spicy,https://www.ebay.com/itm/227533266303,Collectibles|Non-Sport Trading Cards|Trading Card Singles,79,16,22,,,yes,no,no,9,No returns accepted | Not free shipping (consider building into price) | Add a condition description
5.3,2.0,45.0,1982 Nintendo America Card Jump Man Series Topps Donkey Rookie Snort Luck Help,https://www.ebay.com/itm/227542263418,Collectibles|Non-Sport Trading Cards|Trading Card Singles,78,17,22,,,yes,no,no,3,No returns accepted | Not free shipping (consider building into price) | Add a condition description
5.3,2.0,45.0,1982 Nintendo America Card Jump Man Mario Series Topps Sticker Rookie Small Old,https://www.ebay.com/itm/227542233784,Collectibles|Non-Sport Trading Cards|Trading Card Singles,79,20,22,,,yes,no,no,3,No returns accepted | Not free shipping (consider building into price) | Add a condition description
4.5,1.5,100.0,Savage Sword Conan 1986 #128 Comic Magazine Marvel Graded CGC Bondage Back Cover,https://www.ebay.com/itm/227534386186,Collectibles|Comic Books & Memorabilia|Comics|Comics & Graphic Novels,80,15,21,,,yes,no,no,9,No returns accepted | Not free shipping (consider building into price)
