date,old_item_id,new_item_id,status,new_title,new_price,ad_rate,fees,message
2026-10-06 11:49,226408643470,227555002245,relisted,Graded Rare Holographic Cover Commando VHS CGC Near Mint Grail Schwarzenegger,1870.00,4.2,0.00,
2026-10-06 11:50,226730906688,227555002358,relisted,1950s+ Phillies Inquirer Newspaper Clips Collector Album MLB cards ?Autographs,1485.00,4.2,0.00,
2026-10-09 11:54,226388760625,227559543661,relisted,Graded Conan Barbarian VHS CGC Near Mint Grail Schwarzenegger REH Movie Sealed A,1275.00,4.2,0.00,
2026-10-09 11:54,226446303853,,skipped,1950 Golden Age CGC Comic Jet Power General Electric 8.5 Roussos ONLY ONE GRADED,1224.00,,,eBay would charge $0.10 for this listing (subtitle or allotment used up)
2026-10-09 11:54,226986123105,227559543735,relisted,Antique 1920 W538 Strip Graded Card # 3 Mary Pickford 100 Yrs Grail Actor Oscar,1224.00,4.2,0.00,Warning: You and your buyers can have confidence that this item will undergo a professional inspection to verify that it is authentic and matches the listing's details.
2026-10-09 11:54,226388759729,227559543826,relisted,Graded Conan Destroyer VHS CGC Near Mint Grail Schwarzenegger REH Movie Sealed A,1122.00,4.2,0.00,
2026-10-09 11:54,226409842786,227559543888,relisted,1955 Golden Era Age CGC Comic History Atom General Electric Science 8.5 ONLY 1,990.00,4.2,0.00,
2026-10-10 13:24,226446303853,,skipped,1950 Golden Age CGC Comic Jet Power General Electric 8.5 Roussos ONLY ONE GRADED,1260.00,,,eBay would charge $0.10 for this listing (subtitle or allotment used up)
2026-10-10 13:24,226553403481,,skipped,Golden Age CGC 1949 Gangsters Cant Win 6 Comic Newly Graded Vol 1 Ghost Grail,735.00,,,eBay would charge $0.10 for this listing (subtitle or allotment used up)
2026-10-10 13:24,226553447461,227560950434,relisted,Golden Age CGC 1949 Gangsters Cant Win 7 Comic Newly Graded Love Evil Impo Grail,735.00,4.2,0.00,
2026-10-10 13:24,226553446962,,skipped,Golden Age CGC 1949 Gangsters Cant Win 9 Comic Newly Graded LAST ISSUE GRAIL,683.00,,,eBay would charge $0.10 for this listing (subtitle or allotment used up)
2026-10-10 13:24,226409842789,,skipped,1971 Classics Illustrated 26 CGC 7 Comic PAINTED COVER Frankenstein Art HRN,651.00,,,eBay would charge $0.10 for this listing (subtitle or allotment used up)
2026-10-10 13:29,226446303853,,skipped,1950 Golden Age CGC Comic Jet Power General Electric 8.5 Roussos ONLY ONE GRADED,1260.00,,,eBay would charge $0.10 for this listing (subtitle or allotment used up)
2026-10-10 13:29,226553403481,,skipped,Golden Age CGC 1949 Gangsters Cant Win 6 Comic Newly Graded Vol 1 Ghost Grail,735.00,,,eBay would charge $0.10 for this listing (subtitle or allotment used up)
2026-10-10 13:29,226553446962,,skipped,Golden Age CGC 1949 Gangsters Cant Win 9 Comic Newly Graded LAST ISSUE GRAIL,683.00,,,eBay would charge $0.10 for this listing (subtitle or allotment used up)
2026-10-10 13:29,226409842789,,skipped,1971 Classics Illustrated 26 CGC 7 Comic PAINTED COVER Frankenstein Art HRN,651.00,,,eBay would charge $0.10 for this listing (subtitle or allotment used up)
